<?xml version="1.0" encoding="UTF-8" standalone="yes"?>
<addon id="repository.kodibx"
        name="kodibx Repository"
        version="0.0.4"
        provider-name="kodibx">
    <extension point="xbmc.addon.repository" name="kodibx XBMC Addon Repository">
        <checksum>https://raw.githubusercontent.com/Kodi-vStream/venom-xbmc-addons/master/addons.xml.md5</checksum>
        <info compressed="false">https://raw.githubusercontent.com/kodibx/kodi-xbmc-addons/master/addons.xml</info>
        <datadir zip="true">https://github.com/kodibx/kodi-xbmc-addons/raw/master/repo</datadir>
    </extension>

    <extension point="xbmc.addon.metadata">
        <summary lang="fr">kodibx Repository</summary>
        <description lang="fr">Installer kodibx</description>
        <summary lang="en">kodibx Repository</summary>
        <description lang="en">Download and install kodibx</description>
        <platform>all</platform>
    </extension>
</addon>
