<?xml version="1.0.4" encoding="UTF-8" standalone="yes"?>
<addon id="plugin.program.kodiby" name="kodiby" version="1.0.4" provider-name="kodiby">
  <requires>
    <import addon="xbmc.python" version="2.1.0"/>
  </requires>
  <extension point="xbmc.python.pluginsource" library="default.py">
        <provides>video executable</provides>
  </extension>
  <extension point="xbmc.addon.metadata">
    <summary lang="en">kodiby</summary>
    <description lang="en">Easy Install With KODI / XBMC Wizard /
##Credit To kodibx for his support and friendship##</description>
    <platform>all</platform>
  </extension>
</addon>
