<?xml version="1.0" encoding="UTF-8" standalone="yes"?>
<addon id="plugin.video.kodibx" name="kodibx" version="1.0" provider-name="KODIBX">
  <requires>
    <import addon="xbmc.python" version="2.1.0"/>
  </requires>
  <extension point="xbmc.python.pluginsource" library="default.py">
        <provides>video executable</provides>
  </extension>
  <extension point="xbmc.addon.metadata">
    <summary lang="en">kodibx</summary>
    <description lang="en">Easy Install With KODI / XBMC Wizard /
##Credit To kodibx for his support and friendship##</description>
    <platform>all</platform>
  </extension>
</addon>
